gstin,party_name,amount,status,decision,risk_level,reason
33AAJCG9959L1ZT,Geetham Veg Restaurant,100000.0,SUCCESS,RELEASE,LOW,Vendor is compliant. Safe to process payment.
33AAFCG8322F2ZU,Geetham Software Private Limited,50000.0,SUCCESS,RELEASE,LOW,Vendor is compliant. Safe to process payment.
33AAUPS5851M1ZU,Sangeetha Hotel,75000.0,SUCCESS,STOP,CRITICAL,Vendor's GST registration has been CANCELLED. ITC claim will be rejected under Section 16(2)(c).
33EGAPS1851P1Z0,Hotel Bilal,100000.0,SUCCESS,HOLD,MEDIUM,NAME MISMATCH detected. Legal: 'seyad Mohamed Jalaludeen' vs Trade: 'HOTEL BILAL'. Verify vendor identity before payment.
